alias,project_id,sample_id
DC-02,PRJEB17784,SAMEA103958148
DC-14,PRJEB17784,SAMEA103958161
DC-06,PRJEB17784,SAMEA103958150
DC-15,PRJEB17784,SAMEA103958162
DC-04,PRJEB17784,SAMEA103958151
DC-07,PRJEB17784,SAMEA103958144
DC-09,PRJEB17784,SAMEA103958147
DC-08,PRJEB17784,SAMEA103958152
DC-05,PRJEB17784,SAMEA103958146
DC-13,PRJEB17784,SAMEA103958160
DC-03,PRJEB17784,SAMEA103958153
DC-12,PRJEB17784,SAMEA103958159
DC-01,PRJEB17784,SAMEA103958149
DC-10,PRJEB17784,SAMEA103958145
DC-11,PRJEB17784,SAMEA103958158
DP469,PRJNA834801,SAMN28062215
DP464,PRJNA834801,SAMN28062212
DP463,PRJNA834801,SAMN28062211
DP379,PRJNA834801,SAMN28062146
DP375,PRJNA834801,SAMN28062143
DP362,PRJNA834801,SAMN28062136
DP264,PRJNA834801,SAMN28062059
DP263,PRJNA834801,SAMN28062058
DP265,PRJNA834801,SAMN28062060
DC061,PRJNA834801,SAMN28061667
DP255,PRJNA834801,SAMN28062052
DP254,PRJNA834801,SAMN28062051
DP252,PRJNA834801,SAMN28062049
DP246,PRJNA834801,SAMN28062046
DP243,PRJNA834801,SAMN28062043
DP241,PRJNA834801,SAMN28062042
DP240,PRJNA834801,SAMN28062041
DC156,PRJNA834801,SAMN28061741
DC152,PRJNA834801,SAMN28061737
DC148,PRJNA834801,SAMN28061733
DC150,PRJNA834801,SAMN28061735
DC141,PRJNA834801,SAMN28061730
DC138,PRJNA834801,SAMN28061727
DC136,PRJNA834801,SAMN28061725
DC135,PRJNA834801,SAMN28061724
DC015,PRJNA834801,SAMN28061634
DP108,PRJNA834801,SAMN28061944
DP104,PRJNA834801,SAMN28061942
DP100,PRJNA834801,SAMN28061939
DP098,PRJNA834801,SAMN28061938
DP096,PRJNA834801,SAMN28061937
DP094,PRJNA834801,SAMN28061935
DP090,PRJNA834801,SAMN28061932
DP088,PRJNA834801,SAMN28061931
DP082,PRJNA834801,SAMN28061926
DP061,PRJNA834801,SAMN28061907
DP060,PRJNA834801,SAMN28061906
DP057,PRJNA834801,SAMN28061904
DP055,PRJNA834801,SAMN28061903
DP049,PRJNA834801,SAMN28061898
DP047,PRJNA834801,SAMN28061896
DP041,PRJNA834801,SAMN28061891
DC201,PRJNA834801,SAMN28061777
DC195,PRJNA834801,SAMN28061772
DC194,PRJNA834801,SAMN28061771
DC183,PRJNA834801,SAMN28061764
DC179,PRJNA834801,SAMN28061762
DC003,PRJNA834801,SAMN28061625
DP607,PRJNA834801,SAMN28062318
DP605,PRJNA834801,SAMN28062316
DC096,PRJNA834801,SAMN28061693
DP598,PRJNA834801,SAMN28062310
DP597,PRJNA834801,SAMN28062309
DP589,PRJNA834801,SAMN28062302
DP535,PRJNA834801,SAMN28062263
DP532,PRJNA834801,SAMN28062261
DP530,PRJNA834801,SAMN28062260
DP524,PRJNA834801,SAMN28062255
DP523,PRJNA834801,SAMN28062254
DP511,PRJNA834801,SAMN28062247
DP508,PRJNA834801,SAMN28062245
DP434,PRJNA834801,SAMN28062187
DP432,PRJNA834801,SAMN28062186
DP431,PRJNA834801,SAMN28062185
DP436,PRJNA834801,SAMN28062188
DP428,PRJNA834801,SAMN28062183
DP423,PRJNA834801,SAMN28062180
DP419,PRJNA834801,SAMN28062177
DP418,PRJNA834801,SAMN28062176
DP416,PRJNA834801,SAMN28062175
DP415,PRJNA834801,SAMN28062174
DC075,PRJNA834801,SAMN28061679
DP335,PRJNA834801,SAMN28062113
DP333,PRJNA834801,SAMN28062111
DP331,PRJNA834801,SAMN28062109
DP327,PRJNA834801,SAMN28062107
DP326,PRJNA834801,SAMN28062106
DP324,PRJNA834801,SAMN28062105
DP323,PRJNA834801,SAMN28062104
DP321,PRJNA834801,SAMN28062102
DP320,PRJNA834801,SAMN28062101
DP489,PRJNA834801,SAMN28062228
DP413,PRJNA834801,SAMN28062172
DP409,PRJNA834801,SAMN28062170
DP397,PRJNA834801,SAMN28062159
DP393,PRJNA834801,SAMN28062156
DP392,PRJNA834801,SAMN28062155
DP396,PRJNA834801,SAMN28062158
DC072,PRJNA834801,SAMN28061677
DP316,PRJNA834801,SAMN28062098
DP313,PRJNA834801,SAMN28062097
DC066,PRJNA834801,SAMN28061671
DP308,PRJNA834801,SAMN28062093
DP305,PRJNA834801,SAMN28062091
DP301,PRJNA834801,SAMN28062087
DP303,PRJNA834801,SAMN28062089
DP299,PRJNA834801,SAMN28062085
DP297,PRJNA834801,SAMN28062084
DP293,PRJNA834801,SAMN28062080
DP207,PRJNA834801,SAMN28062022
DP203,PRJNA834801,SAMN28062019
DP199,PRJNA834801,SAMN28062015
DP192,PRJNA834801,SAMN28062009
DP185,PRJNA834801,SAMN28062004
DP131,PRJNA834801,SAMN28061961
DP130,PRJNA834801,SAMN28061960
DP122,PRJNA834801,SAMN28061956
DP121,PRJNA834801,SAMN28061955
DP117,PRJNA834801,SAMN28061952
DP120,PRJNA834801,SAMN28061954
DP116,PRJNA834801,SAMN28061951
DP115,PRJNA834801,SAMN28061950
DP110,PRJNA834801,SAMN28061946
DP109,PRJNA834801,SAMN28061945
DP081,PRJNA834801,SAMN28061925
DP073,PRJNA834801,SAMN28061918
DP072,PRJNA834801,SAMN28061917
DP066,PRJNA834801,SAMN28061911
DP064,PRJNA834801,SAMN28061909
DC277,PRJNA834801,SAMN28061831
DC270,PRJNA834801,SAMN28061826
DC267,PRJNA834801,SAMN28061823
DC257,PRJNA834801,SAMN28061817
DC254,PRJNA834801,SAMN28061815
DC024,PRJNA834801,SAMN28061643
DC248,PRJNA834801,SAMN28061811
DC247,PRJNA834801,SAMN28061810
DC244,PRJNA834801,SAMN28061807
DC235,PRJNA834801,SAMN28061803
DC231,PRJNA834801,SAMN28061800
DC229,PRJNA834801,SAMN28061798
DC177,PRJNA834801,SAMN28061760
DC175,PRJNA834801,SAMN28061758
DC171,PRJNA834801,SAMN28061754
DC018,PRJNA834801,SAMN28061637
DC165,PRJNA834801,SAMN28061749
DC162,PRJNA834801,SAMN28061746
DC017,PRJNA834801,SAMN28061636
DC102,PRJNA834801,SAMN28061699
DC101,PRJNA834801,SAMN28061698
SP1112,PRJNA834801,SAMN28062346
DP646,PRJNA834801,SAMN28062345
DP642,PRJNA834801,SAMN28062343
DP640,PRJNA834801,SAMN28062341
DP634,PRJNA834801,SAMN28062337
DP577,PRJNA834801,SAMN28062294
DC094,PRJNA834801,SAMN28061691
DP572,PRJNA834801,SAMN28062291
DP570,PRJNA834801,SAMN28062289
DP568,PRJNA834801,SAMN28062287
DP564,PRJNA834801,SAMN28062284
DC081,PRJNA834801,SAMN28061684
DP480,PRJNA834801,SAMN28062223
DP474,PRJNA834801,SAMN28062219
DP351,PRJNA834801,SAMN28062127
DC007,PRJNA834801,SAMN28061629
DP344,PRJNA834801,SAMN28062121
DP292,PRJNA834801,SAMN28062079
DP295,PRJNA834801,SAMN28062082
DP275,PRJNA834801,SAMN28062068
DP272,PRJNA834801,SAMN28062065
DP269,PRJNA834801,SAMN28062062
DP267,PRJNA834801,SAMN28062061
DP234,PRJNA834801,SAMN28062037
DP231,PRJNA834801,SAMN28062036
DP229,PRJNA834801,SAMN28062035
DP223,PRJNA834801,SAMN28062031
DP219,PRJNA834801,SAMN28062027
DP218,PRJNA834801,SAMN28062026
DP213,PRJNA834801,SAMN28062025
DP179,PRJNA834801,SAMN28061999
DP177,PRJNA834801,SAMN28061997
DP172,PRJNA834801,SAMN28061994
DC052,PRJNA834801,SAMN28061661
DP175,PRJNA834801,SAMN28061995
DP164,PRJNA834801,SAMN28061987
DP165,PRJNA834801,SAMN28061988
DP160,PRJNA834801,SAMN28061984
DP158,PRJNA834801,SAMN28061982
DP156,PRJNA834801,SAMN28061980
DP154,PRJNA834801,SAMN28061978
DP151,PRJNA834801,SAMN28061975
DP150,PRJNA834801,SAMN28061974
DP148,PRJNA834801,SAMN28061972
DP136,PRJNA834801,SAMN28061964
DP038,PRJNA834801,SAMN28061888
DP039,PRJNA834801,SAMN28061889
DP032,PRJNA834801,SAMN28061885
DP028,PRJNA834801,SAMN28061881
DP025,PRJNA834801,SAMN28061878
DP024,PRJNA834801,SAMN28061877
DP021,PRJNA834801,SAMN28061875
DP009,PRJNA834801,SAMN28061866
DP005,PRJNA834801,SAMN28061862
DP004,PRJNA834801,SAMN28061861
DC314,PRJNA834801,SAMN28061855
DC313,PRJNA834801,SAMN28061854
DC312,PRJNA834801,SAMN28061853
DC310,PRJNA834801,SAMN28061852
DC308,PRJNA834801,SAMN28061851
DC307,PRJNA834801,SAMN28061850
DC029,PRJNA834801,SAMN28061646
DC291,PRJNA834801,SAMN28061840
DC290,PRJNA834801,SAMN28061839
DC285,PRJNA834801,SAMN28061836
DC283,PRJNA834801,SAMN28061835
DC211,PRJNA834801,SAMN28061785
DC206,PRJNA834801,SAMN28061782
DC205,PRJNA834801,SAMN28061781
DC126,PRJNA834801,SAMN28061720
DC121,PRJNA834801,SAMN28061717
DC119,PRJNA834801,SAMN28061715
DC118,PRJNA834801,SAMN28061714
DC117,PRJNA834801,SAMN28061713
DC115,PRJNA834801,SAMN28061712
DC113,PRJNA834801,SAMN28061710
DC114,PRJNA834801,SAMN28061711
DC110,PRJNA834801,SAMN28061707
DC109,PRJNA834801,SAMN28061706
DC108,PRJNA834801,SAMN28061705
DP507,PRJNA834801,SAMN28062244
DP503,PRJNA834801,SAMN28062241
DP502,PRJNA834801,SAMN28062240
DP500,PRJNA834801,SAMN28062238
DP495,PRJNA834801,SAMN28062234
DC082,PRJNA834801,SAMN28061685
DP632,PRJNA834801,SAMN28062336
DP631,PRJNA834801,SAMN28062335
DP622,PRJNA834801,SAMN28062328
DP618,PRJNA834801,SAMN28062324
DP558,PRJNA834801,SAMN28062280
DP556,PRJNA834801,SAMN28062279
DP554,PRJNA834801,SAMN28062278
DP548,PRJNA834801,SAMN28062274
DC090,PRJNA834801,SAMN28061689
DP547,PRJNA834801,SAMN28062273
DP542,PRJNA834801,SAMN28062269
DP455,PRJNA834801,SAMN28062206
DP454,PRJNA834801,SAMN28062205
DP453,PRJNA834801,SAMN28062204
DC078,PRJNA834801,SAMN28061682
DP452,PRJNA834801,SAMN28062203
DP451,PRJNA834801,SAMN28062202
DP448,PRJNA834801,SAMN28062199
DP446,PRJNA834801,SAMN28062197
DP444,PRJNA834801,SAMN28062195
DP440,PRJNA834801,SAMN28062192
DC070,PRJNA834801,SAMN28061675
DP317,PRJNA834801,SAMN28062099
DP472,PRJNA834801,SAMN28062217
DP473,PRJNA834801,SAMN28062218
DC079,PRJNA834801,SAMN28061683
DP460,PRJNA834801,SAMN28062210
DP389,PRJNA834801,SAMN28062153
DP385,PRJNA834801,SAMN28062152
DP384,PRJNA834801,SAMN28062151
DP383,PRJNA834801,SAMN28062150
DP382,PRJNA834801,SAMN28062149
DP381,PRJNA834801,SAMN28062148
DP380,PRJNA834801,SAMN28062147
DC071,PRJNA834801,SAMN28061676
DP373,PRJNA834801,SAMN28062142
DP371,PRJNA834801,SAMN28062141
DP369,PRJNA834801,SAMN28062140
DP367,PRJNA834801,SAMN28062138
DP361,PRJNA834801,SAMN28062135
DP260,PRJNA834801,SAMN28062055
DP253,PRJNA834801,SAMN28062050
DP256,PRJNA834801,SAMN28062053
DP250,PRJNA834801,SAMN28062048
DP249,PRJNA834801,SAMN28062047
DP245,PRJNA834801,SAMN28062045
DC149,PRJNA834801,SAMN28061734
DC147,PRJNA834801,SAMN28061732
DC140,PRJNA834801,SAMN28061729
DC137,PRJNA834801,SAMN28061726
DC139,PRJNA834801,SAMN28061728
DC042,PRJNA834801,SAMN28061656
DP101,PRJNA834801,SAMN28061940
DP107,PRJNA834801,SAMN28061943
DP091,PRJNA834801,SAMN28061933
DP087,PRJNA834801,SAMN28061930
DP086,PRJNA834801,SAMN28061929
DP084,PRJNA834801,SAMN28061928
DP083,PRJNA834801,SAMN28061927
DP053,PRJNA834801,SAMN28061901
DP052,PRJNA834801,SAMN28061900
DP048,PRJNA834801,SAMN28061897
DP046,PRJNA834801,SAMN28061895
DP045,PRJNA834801,SAMN28061894
DP042,PRJNA834801,SAMN28061892
DP040,PRJNA834801,SAMN28061890
DC020,PRJNA834801,SAMN28061639
DC185,PRJNA834801,SAMN28061765
DC181,PRJNA834801,SAMN28061763
DP603,PRJNA834801,SAMN28062314
DP602,PRJNA834801,SAMN28062313
DP601,PRJNA834801,SAMN28062312
DP596,PRJNA834801,SAMN28062308
DP595,PRJNA834801,SAMN28062307
DP591,PRJNA834801,SAMN28062304
DC095,PRJNA834801,SAMN28061692
DP590,PRJNA834801,SAMN28062303
DP529,PRJNA834801,SAMN28062259
DP528,PRJNA834801,SAMN28062258
DP527,PRJNA834801,SAMN28062257
DC085,PRJNA834801,SAMN28061687
DP518,PRJNA834801,SAMN28062252
DP516,PRJNA834801,SAMN28062251
DP515,PRJNA834801,SAMN28062250
DP438,PRJNA834801,SAMN28062190
DP437,PRJNA834801,SAMN28062189
DC076,PRJNA834801,SAMN28061680
DP427,PRJNA834801,SAMN28062182
DP414,PRJNA834801,SAMN28062173
DP339,PRJNA834801,SAMN28062117
DP338,PRJNA834801,SAMN28062116
DP337,PRJNA834801,SAMN28062115
DP488,PRJNA834801,SAMN28062227
DP412,PRJNA834801,SAMN28062171
DP408,PRJNA834801,SAMN28062169
DC073,PRJNA834801,SAMN28061678
DP400,PRJNA834801,SAMN28062162
DP399,PRJNA834801,SAMN28062161
DP398,PRJNA834801,SAMN28062160
DP394,PRJNA834801,SAMN28062157
DP309,PRJNA834801,SAMN28062094
DP304,PRJNA834801,SAMN28062090
DP302,PRJNA834801,SAMN28062088
DC065,PRJNA834801,SAMN28061670
DP296,PRJNA834801,SAMN28062083
DP206,PRJNA834801,SAMN28062021
DP204,PRJNA834801,SAMN28062020
DP201,PRJNA834801,SAMN28062017
DC056,PRJNA834801,SAMN28061663
DP187,PRJNA834801,SAMN28062006
DC048,PRJNA834801,SAMN28061658
DP135,PRJNA834801,SAMN28061963
DP132,PRJNA834801,SAMN28061962
DC044,PRJNA834801,SAMN28061657
DP112,PRJNA834801,SAMN28061948
DP111,PRJNA834801,SAMN28061947
DP080,PRJNA834801,SAMN28061924
DC039,PRJNA834801,SAMN28061654
DP079,PRJNA834801,SAMN28061923
DP071,PRJNA834801,SAMN28061916
DC038,PRJNA834801,SAMN28061653
DP068,PRJNA834801,SAMN28061913
DP063,PRJNA834801,SAMN28061908
DC281,PRJNA834801,SAMN28061833
DC274,PRJNA834801,SAMN28061829
DC271,PRJNA834801,SAMN28061827
DC026,PRJNA834801,SAMN28061644
DC004,PRJNA834801,SAMN28061626
DC263,PRJNA834801,SAMN28061820
DC261,PRJNA834801,SAMN28061819
DC249,PRJNA834801,SAMN28061812
DC241,PRJNA834801,SAMN28061805
DC023,PRJNA834801,SAMN28061642
DC234,PRJNA834801,SAMN28061802
DC232,PRJNA834801,SAMN28061801
DC178,PRJNA834801,SAMN28061761
DC176,PRJNA834801,SAMN28061759
DC174,PRJNA834801,SAMN28061757
DC173,PRJNA834801,SAMN28061756
DC172,PRJNA834801,SAMN28061755
DC170,PRJNA834801,SAMN28061753
DC169,PRJNA834801,SAMN28061752
DC168,PRJNA834801,SAMN28061751
DC161,PRJNA834801,SAMN28061745
DC104,PRJNA834801,SAMN28061701
DC103,PRJNA834801,SAMN28061700
DC100,PRJNA834801,SAMN28061697
SP1114,PRJNA834801,SAMN28062348
DP644,PRJNA834801,SAMN28062344
DC099,PRJNA834801,SAMN28061696
DP641,PRJNA834801,SAMN28062342
DP580,PRJNA834801,SAMN28062297
DP581,PRJNA834801,SAMN28062298
DP576,PRJNA834801,SAMN28062293
DP569,PRJNA834801,SAMN28062288
DP567,PRJNA834801,SAMN28062286
DP483,PRJNA834801,SAMN28062224
DC009,PRJNA834801,SAMN28061630
DP477,PRJNA834801,SAMN28062221
DP490,PRJNA834801,SAMN28062229
DP353,PRJNA834801,SAMN28062129
DP350,PRJNA834801,SAMN28062126
DP349,PRJNA834801,SAMN28062125
DP348,PRJNA834801,SAMN28062124
DC069,PRJNA834801,SAMN28061674
DP347,PRJNA834801,SAMN28062123
DP346,PRJNA834801,SAMN28062122
DP342,PRJNA834801,SAMN28062120
DP287,PRJNA834801,SAMN28062078
DP285,PRJNA834801,SAMN28062077
DP280,PRJNA834801,SAMN28062073
DP279,PRJNA834801,SAMN28062072
DP278,PRJNA834801,SAMN28062071
DP273,PRJNA834801,SAMN28062066
DP271,PRJNA834801,SAMN28062064
DP274,PRJNA834801,SAMN28062067
DP270,PRJNA834801,SAMN28062063
DP239,PRJNA834801,SAMN28062040
DP237,PRJNA834801,SAMN28062039
DP226,PRJNA834801,SAMN28062034
DP224,PRJNA834801,SAMN28062032
DP222,PRJNA834801,SAMN28062030
DP221,PRJNA834801,SAMN28062029
DP220,PRJNA834801,SAMN28062028
DP211,PRJNA834801,SAMN28062024
DC006,PRJNA834801,SAMN28061628
DP183,PRJNA834801,SAMN28062002
DP178,PRJNA834801,SAMN28061998
DP176,PRJNA834801,SAMN28061996
DP169,PRJNA834801,SAMN28061991
DP166,PRJNA834801,SAMN28061989
DP161,PRJNA834801,SAMN28061985
DP157,PRJNA834801,SAMN28061981
DP155,PRJNA834801,SAMN28061979
DP153,PRJNA834801,SAMN28061977
DC049,PRJNA834801,SAMN28061659
DP149,PRJNA834801,SAMN28061973
DP146,PRJNA834801,SAMN28061970
DP143,PRJNA834801,SAMN28061968
DP138,PRJNA834801,SAMN28061966
DP470,PRJNA834801,SAMN28062216
DP137,PRJNA834801,SAMN28061965
DP037,PRJNA834801,SAMN28061887
DP031,PRJNA834801,SAMN28061884
DP467,PRJNA834801,SAMN28062214
DP030,PRJNA834801,SAMN28061883
DP466,PRJNA834801,SAMN28062213
DC034,PRJNA834801,SAMN28061649
DP459,PRJNA834801,SAMN28062209
DP018,PRJNA834801,SAMN28061872
DP377,PRJNA834801,SAMN28062145
DP020,PRJNA834801,SAMN28061874
DP376,PRJNA834801,SAMN28062144
DP017,PRJNA834801,SAMN28061871
DP368,PRJNA834801,SAMN28062139
DP014,PRJNA834801,SAMN28061870
DP364,PRJNA834801,SAMN28062137
DP013,PRJNA834801,SAMN28061869
DP262,PRJNA834801,SAMN28062057
DP008,PRJNA834801,SAMN28061865
DP261,PRJNA834801,SAMN28062056
DC033,PRJNA834801,SAMN28061648
DP258,PRJNA834801,SAMN28062054
DP006,PRJNA834801,SAMN28061863
SC0558,PRJNA834801,SAMN28061857
DP244,PRJNA834801,SAMN28062044
DC297,PRJNA834801,SAMN28061845
DC060,PRJNA834801,SAMN28061666
DC294,PRJNA834801,SAMN28061843
DC158,PRJNA834801,SAMN28061742
DC293,PRJNA834801,SAMN28061842
DC155,PRJNA834801,SAMN28061740
DC292,PRJNA834801,SAMN28061841
DC159,PRJNA834801,SAMN28061743
DC288,PRJNA834801,SAMN28061838
DC154,PRJNA834801,SAMN28061739
DC287,PRJNA834801,SAMN28061837
DC153,PRJNA834801,SAMN28061738
DC282,PRJNA834801,SAMN28061834
DC027,PRJNA834801,SAMN28061645
DC151,PRJNA834801,SAMN28061736
DC223,PRJNA834801,SAMN28061795
DC016,PRJNA834801,SAMN28061635
DC221,PRJNA834801,SAMN28061794
DC145,PRJNA834801,SAMN28061731
DC022,PRJNA834801,SAMN28061641
DP103,PRJNA834801,SAMN28061941
DC217,PRJNA834801,SAMN28061791
DC215,PRJNA834801,SAMN28061789
DP095,PRJNA834801,SAMN28061936
DC213,PRJNA834801,SAMN28061787
DP092,PRJNA834801,SAMN28061934
DC041,PRJNA834801,SAMN28061655
DC212,PRJNA834801,SAMN28061786
DC037,PRJNA834801,SAMN28061652
DP058,PRJNA834801,SAMN28061905
DC021,PRJNA834801,SAMN28061640
DC208,PRJNA834801,SAMN28061783
DP054,PRJNA834801,SAMN28061902
DC204,PRJNA834801,SAMN28061780
DC128,PRJNA834801,SAMN28061722
DC127,PRJNA834801,SAMN28061721
DP050,PRJNA834801,SAMN28061899
DC036,PRJNA834801,SAMN28061651
DC013,PRJNA834801,SAMN28061633
DP043,PRJNA834801,SAMN28061893
DC111,PRJNA834801,SAMN28061708
DC203,PRJNA834801,SAMN28061779
DC107,PRJNA834801,SAMN28061704
DP501,PRJNA834801,SAMN28062239
DC202,PRJNA834801,SAMN28061778
DP499,PRJNA834801,SAMN28062237
DP498,PRJNA834801,SAMN28062236
DP493,PRJNA834801,SAMN28062232
DC200,PRJNA834801,SAMN28061776
DP492,PRJNA834801,SAMN28062231
DC199,PRJNA834801,SAMN28061775
DC098,PRJNA834801,SAMN28061695
DP626,PRJNA834801,SAMN28062332
DC198,PRJNA834801,SAMN28061774
DC196,PRJNA834801,SAMN28061773
DP625,PRJNA834801,SAMN28062331
DC193,PRJNA834801,SAMN28061770
DP624,PRJNA834801,SAMN28062330
DC189,PRJNA834801,SAMN28061769
DP619,PRJNA834801,SAMN28062325
DP621,PRJNA834801,SAMN28062327
DC188,PRJNA834801,SAMN28061768
DC097,PRJNA834801,SAMN28061694
DC187,PRJNA834801,SAMN28061767
DC186,PRJNA834801,SAMN28061766
DP616,PRJNA834801,SAMN28062323
DP615,PRJNA834801,SAMN28062322
DP613,PRJNA834801,SAMN28062321
DP553,PRJNA834801,SAMN28062277
DC019,PRJNA834801,SAMN28061638
DC001,PRJNA834801,SAMN28061624
DP606,PRJNA834801,SAMN28062317
DP550,PRJNA834801,SAMN28062275
DP604,PRJNA834801,SAMN28062315
DP540,PRJNA834801,SAMN28062267
DP600,PRJNA834801,SAMN28062311
DP539,PRJNA834801,SAMN28062266
DP594,PRJNA834801,SAMN28062306
DP593,PRJNA834801,SAMN28062305
DP538,PRJNA834801,SAMN28062265
DP587,PRJNA834801,SAMN28062301
DP458,PRJNA834801,SAMN28062208
DP533,PRJNA834801,SAMN28062262
DP443,PRJNA834801,SAMN28062194
DC077,PRJNA834801,SAMN28061681
DP525,PRJNA834801,SAMN28062256
DP520,PRJNA834801,SAMN28062253
DP441,PRJNA834801,SAMN28062193
DP360,PRJNA834801,SAMN28062134
DP514,PRJNA834801,SAMN28062249
DP513,PRJNA834801,SAMN28062248
DP509,PRJNA834801,SAMN28062246
DP430,PRJNA834801,SAMN28062184
DP424,PRJNA834801,SAMN28062181
DP422,PRJNA834801,SAMN28062179
DP420,PRJNA834801,SAMN28062178
DP336,PRJNA834801,SAMN28062114
DC068,PRJNA834801,SAMN28061673
DP334,PRJNA834801,SAMN28062112
DP332,PRJNA834801,SAMN28062110
DP328,PRJNA834801,SAMN28062108
DC067,PRJNA834801,SAMN28061672
DP322,PRJNA834801,SAMN28062103
DP319,PRJNA834801,SAMN28062100
DP407,PRJNA834801,SAMN28062168
DP406,PRJNA834801,SAMN28062167
DP405,PRJNA834801,SAMN28062166
DP404,PRJNA834801,SAMN28062165
DP402,PRJNA834801,SAMN28062164
DP401,PRJNA834801,SAMN28062163
DP391,PRJNA834801,SAMN28062154
DP310,PRJNA834801,SAMN28062095
DP312,PRJNA834801,SAMN28062096
DP307,PRJNA834801,SAMN28062092
DP300,PRJNA834801,SAMN28062086
DP294,PRJNA834801,SAMN28062081
DC057,PRJNA834801,SAMN28061664
DP202,PRJNA834801,SAMN28062018
DP200,PRJNA834801,SAMN28062016
DP198,PRJNA834801,SAMN28062014
DP197,PRJNA834801,SAMN28062013
DP195,PRJNA834801,SAMN28062012
DP194,PRJNA834801,SAMN28062011
DP189,PRJNA834801,SAMN28062008
DP188,PRJNA834801,SAMN28062007
DP193,PRJNA834801,SAMN28062010
DP186,PRJNA834801,SAMN28062005
DC054,PRJNA834801,SAMN28061662
DP127,PRJNA834801,SAMN28061959
DP124,PRJNA834801,SAMN28061958
DP123,PRJNA834801,SAMN28061957
DP119,PRJNA834801,SAMN28061953
DP114,PRJNA834801,SAMN28061949
DC005,PRJNA834801,SAMN28061627
DP078,PRJNA834801,SAMN28061922
DP077,PRJNA834801,SAMN28061921
DP074,PRJNA834801,SAMN28061919
DP075,PRJNA834801,SAMN28061920
DP070,PRJNA834801,SAMN28061915
DP069,PRJNA834801,SAMN28061914
DP067,PRJNA834801,SAMN28061912
DP065,PRJNA834801,SAMN28061910
DC279,PRJNA834801,SAMN28061832
DC276,PRJNA834801,SAMN28061830
DC273,PRJNA834801,SAMN28061828
DC269,PRJNA834801,SAMN28061825
DC268,PRJNA834801,SAMN28061824
DC266,PRJNA834801,SAMN28061822
DC265,PRJNA834801,SAMN28061821
DC259,PRJNA834801,SAMN28061818
DC255,PRJNA834801,SAMN28061816
DC253,PRJNA834801,SAMN28061814
DC252,PRJNA834801,SAMN28061813
DC246,PRJNA834801,SAMN28061809
DC245,PRJNA834801,SAMN28061808
DC243,PRJNA834801,SAMN28061806
DC239,PRJNA834801,SAMN28061804
DC230,PRJNA834801,SAMN28061799
DC164,PRJNA834801,SAMN28061748
DC163,PRJNA834801,SAMN28061747
DC167,PRJNA834801,SAMN28061750
DC160,PRJNA834801,SAMN28061744
DC106,PRJNA834801,SAMN28061703
DC105,PRJNA834801,SAMN28061702
DC011,PRJNA834801,SAMN28061632
SP1113,PRJNA834801,SAMN28062347
DP639,PRJNA834801,SAMN28062340
DP638,PRJNA834801,SAMN28062339
DP637,PRJNA834801,SAMN28062338
DP585,PRJNA834801,SAMN28062300
DP582,PRJNA834801,SAMN28062299
DP579,PRJNA834801,SAMN28062296
DP578,PRJNA834801,SAMN28062295
DP574,PRJNA834801,SAMN28062292
DP571,PRJNA834801,SAMN28062290
DP566,PRJNA834801,SAMN28062285
DC092,PRJNA834801,SAMN28061690
DP563,PRJNA834801,SAMN28062283
DP486,PRJNA834801,SAMN28062226
DP485,PRJNA834801,SAMN28062225
DP478,PRJNA834801,SAMN28062222
DP476,PRJNA834801,SAMN28062220
DP354,PRJNA834801,SAMN28062130
DP352,PRJNA834801,SAMN28062128
DP341,PRJNA834801,SAMN28062119
DP340,PRJNA834801,SAMN28062118
DP284,PRJNA834801,SAMN28062076
DP282,PRJNA834801,SAMN28062075
DC064,PRJNA834801,SAMN28061669
DP281,PRJNA834801,SAMN28062074
DP277,PRJNA834801,SAMN28062070
DP276,PRJNA834801,SAMN28062069
DC063,PRJNA834801,SAMN28061668
DP236,PRJNA834801,SAMN28062038
DC058,PRJNA834801,SAMN28061665
DP225,PRJNA834801,SAMN28062033
DP208,PRJNA834801,SAMN28062023
DP181,PRJNA834801,SAMN28062001
DP180,PRJNA834801,SAMN28062000
DP184,PRJNA834801,SAMN28062003
DP171,PRJNA834801,SAMN28061993
DP170,PRJNA834801,SAMN28061992
DP167,PRJNA834801,SAMN28061990
DP162,PRJNA834801,SAMN28061986
DC050,PRJNA834801,SAMN28061660
DP159,PRJNA834801,SAMN28061983
DP152,PRJNA834801,SAMN28061976
DP147,PRJNA834801,SAMN28061971
DP139,PRJNA834801,SAMN28061967
DP144,PRJNA834801,SAMN28061969
DP035,PRJNA834801,SAMN28061886
DC035,PRJNA834801,SAMN28061650
DP027,PRJNA834801,SAMN28061880
DP026,PRJNA834801,SAMN28061879
DP029,PRJNA834801,SAMN28061882
DP022,PRJNA834801,SAMN28061876
DP019,PRJNA834801,SAMN28061873
DP012,PRJNA834801,SAMN28061868
DP011,PRJNA834801,SAMN28061867
DP007,PRJNA834801,SAMN28061864
DP003,PRJNA834801,SAMN28061860
DP002,PRJNA834801,SAMN28061859
DP001,PRJNA834801,SAMN28061858
SC0637,PRJNA834801,SAMN28061856
DC032,PRJNA834801,SAMN28061647
DC305,PRJNA834801,SAMN28061849
DC302,PRJNA834801,SAMN28061848
DC300,PRJNA834801,SAMN28061847
DC298,PRJNA834801,SAMN28061846
DC296,PRJNA834801,SAMN28061844
DC226,PRJNA834801,SAMN28061797
DC224,PRJNA834801,SAMN28061796
DC219,PRJNA834801,SAMN28061793
DC218,PRJNA834801,SAMN28061792
DC216,PRJNA834801,SAMN28061790
DC214,PRJNA834801,SAMN28061788
DC209,PRJNA834801,SAMN28061784
DC131,PRJNA834801,SAMN28061723
DC125,PRJNA834801,SAMN28061719
DC120,PRJNA834801,SAMN28061716
DC123,PRJNA834801,SAMN28061718
DC112,PRJNA834801,SAMN28061709
DC083,PRJNA834801,SAMN28061686
DP506,PRJNA834801,SAMN28062243
DP504,PRJNA834801,SAMN28062242
DP497,PRJNA834801,SAMN28062235
DP494,PRJNA834801,SAMN28062233
DP491,PRJNA834801,SAMN28062230
DP356,PRJNA834801,SAMN28062131
DP628,PRJNA834801,SAMN28062334
DP627,PRJNA834801,SAMN28062333
DP623,PRJNA834801,SAMN28062329
DP620,PRJNA834801,SAMN28062326
DC010,PRJNA834801,SAMN28061631
DP611,PRJNA834801,SAMN28062320
DP562,PRJNA834801,SAMN28062282
DP610,PRJNA834801,SAMN28062319
DP560,PRJNA834801,SAMN28062281
DP552,PRJNA834801,SAMN28062276
DP546,PRJNA834801,SAMN28062272
DP545,PRJNA834801,SAMN28062271
DP544,PRJNA834801,SAMN28062270
DP541,PRJNA834801,SAMN28062268
DP537,PRJNA834801,SAMN28062264
DC087,PRJNA834801,SAMN28061688
DP456,PRJNA834801,SAMN28062207
DP450,PRJNA834801,SAMN28062201
DP449,PRJNA834801,SAMN28062200
DP447,PRJNA834801,SAMN28062198
DP445,PRJNA834801,SAMN28062196
DP439,PRJNA834801,SAMN28062191
DP359,PRJNA834801,SAMN28062133
DP357,PRJNA834801,SAMN28062132
